"Label","ID","Spot N links","Spot center intensity","Spot frame","Spot intensity","Spot intensity","Spot intensity","Spot intensity","Spot intensity","Spot intensity","Spot position","Spot position","Spot position","Spot quick mean","Spot radius","Spot track ID","Track N spots"
"",""," "," "," ","Mean ch1","Std ch1","Min ch1","Max ch1","Median ch1","Sum ch1","X","Y","Z"," "," "," "," "
"","","","(Counts)","","(Counts)","(Counts)","(Counts)","(Counts)","(Counts)","(Counts)","(µm)","(µm)","(µm)","(Counts)","(µm)","",""
"0","0","1","2689.6106179105836","32","2785.9534821903244","853.6296407942292","882.0","6087.0","2751.0","1.0480757E7","137.35964037076246","121.67969790300592","111.57791253243667","2675.2283950617284","5.0","0","33"
"1","1","2","3209.8915241954796","31","3111.6503570484","1271.3760332525958","1294.0","10538.0","2915.0","1.176515E7","141.36865323982764","123.18330673581349","111.64789011236427","2912.75","5.0","0","33"
"2","2","2","2576.360197600165","30","2564.054776395872","666.4128095497163","1161.0","5249.0","2451.0","9689563.0","140.8675266311945","122.68210379154428","114.64636058048845","2533.9559748427673","5.0","0","33"
"3","3","2","2100.3313675705267","29","2106.8030142781595","667.5982136236925","664.0","4425.0","2091.0","7967929.0","144.87653950025967","122.68210379154428","114.71633816041604","2129.080745341615","5.0","0","33"
"4","4","2","3735.5579911711434","28","3661.409186906019","1731.498390087987","1409.0","12812.0","3079.0","1.3869418E7","150.38893219522427","125.18811851289024","119.82458677550838","3427.186335403727","5.0","0","33"
"5","5","2","4483.584170565594","27","4224.271123979995","1883.1145773736666","1088.0","14310.0","3630.0","1.6048006E7","150.38893219522427","124.18571262435185","121.82939855258513","3848.848484848485","5.0","0","33"
"6","6","2","4431.124835343988","26","4611.666666666667","1015.294086475592","2786.0","8963.0","4479.0","1.74321E7","153.39569184702316","126.69172734569779","116.86985229483894","4666.788819875776","5.0","0","33"
"7","7","2","3600.647841119081","25","3870.263102449302","937.0061962115549","2178.0","8274.0","3682.0","1.4695389E7","151.39118541249056","125.18811851289023","116.83486350487513","4055.58125","5.0","0","33"
"8","8","2","4009.4037471894585","24","3958.4003152088258","1342.9880806395056","779.0","8137.0","3786.0","1.506963E7","154.8990716729226","126.1905244014286","116.89609388731178","3794.1463414634145","5.0","0","33"
"9","9","2","4166.322942308433","23","4414.49485623846","774.9670646929186","2812.0","8318.0","4338.0","1.673535E7","148.8855523693248","126.1905244014286","113.78390985180526","4538.7169811320755","5.0","0","33"
"10","10","2","4327.064608493296","22","4569.182393252504","1259.7454504763045","2342.0","9016.0","4344.0","1.7335478E7","152.39343862975684","126.19052440142859","111.84032845716513","4660.225","5.0","0","33"
"11","11","2","3506.039551795077","21","3714.2052228963335","1111.807209130029","2048.0","9597.0","3489.0","1.4080552E7","151.8923120211237","128.69653912277454","111.83158125967418","3835.672727272727","5.0","0","33"
"12","12","2","3598.87766261085","20","3801.208443271768","1037.5765001930804","2115.0","8828.0","3510.0","1.440658E7","151.8923120211237","126.69172734569779","111.83158125967418","3907.390243902439","5.0","0","33"
"13","13","2","3238.858859204123","19","3498.4094136208255","1707.4299607582902","1481.0","12230.0","3021.0","1.3304451E7","152.89456523839","128.19533617850536","111.84907565465608","3665.0379746835442","5.0","0","33"
"14","14","2","3974.9668235660433","18","4317.983823919385","2209.09248959606","1483.0","16330.0","3850.0","1.6283117E7","155.40019828155573","130.20014795558214","108.3843910322265","4452.834394904458","5.0","0","33"
"15","15","2","4581.994573141729","17","4852.887828162291","3309.699142951987","1369.0","20312.0","3985.0","1.830024E7","153.89681845565627","129.19774206704378","108.35814943975366","4822.16875","5.0","0","33"
"16","16","2","3120.250305036569","16","3388.30724330061","1708.1555985590437","1488.0","17642.0","2992.0","1.277053E7","155.90132489018887","127.192930289967","108.39313822971745","3468.147239263804","5.0","0","33"
"17","17","2","2723.3461178421535","15","3078.3041059602647","1803.270908662416","1458.0","16781.0","2653.0","1.1620598E7","156.40245149882202","126.69172734569781","112.41150898136193","3323.664596273292","5.0","0","33"
"18","18","2","5104.920549471098","14","5021.188609271523","3860.520152633563","1563.0","21210.0","3371.0","1.8954987E7","156.40245149882202","126.69172734569781","112.41150898136193","4826.919254658385","5.0","0","33"
"19","19","2","4039.560718950619","13","4258.682649006622","3065.7065255411367","1562.0","24826.0","3148.0","1.6076527E7","156.40245149882202","126.69172734569781","112.41150898136193","4299.416149068323","5.0","0","33"
"20","20","2","3701.914480365073","12","4099.3512868134785","3533.146005037577","1373.0","24141.0","2794.0","1.5450455E7","157.90583132472148","127.6941332342362","112.43775057383479","4317.188679245283","5.0","0","33"
"21","21","2","6505.578525597044","11","6172.286540483701","4672.947872264365","1752.0","31335.0","4466.0","2.3479378E7","157.90583132472148","132.20495973265886","108.92932996395047","5707.0","5.0","0","33"
"22","22","2","5625.215877760224","10","5399.66946705172","3901.682266353643","1487.0","23384.0","3898.0","2.0567341E7","157.90583132472148","129.69894501131293","108.92932996395047","5054.0125","5.0","0","33"
"23","23","2","5841.309600483824","9","5692.287214491993","4267.296212076662","1555.0","24894.0","3984.0","2.1681922E7","157.90583132472148","129.69894501131293","108.92932996395047","5419.7","5.0","0","33"
"24","24","2","6064.05989292592","8","5704.865424973767","4244.654585782113","1626.0","25364.0","3927.0","2.1746947E7","156.90357810745516","128.19533617850536","108.91183556896857","5316.182389937107","5.0","0","33"
"25","25","2","4594.355227684431","7","4732.767509215377","2908.727263118078","1617.0","19355.0","3870.0","1.7975051E7","157.40470471608833","128.19533617850536","108.92058276645952","4706.167785234899","5.0","0","33"
"26","26","2","3352.4302771131643","6","3595.6727224855185","1894.5775751059418","1484.0","15794.0","2985.0","1.3656365E7","157.40470471608833","128.19533617850536","108.92058276645952","3700.4026845637586","5.0","0","33"
"27","27","2","5378.242177115277","5","5312.8431991581165","3749.565616334316","1787.0","26497.0","4020.0","2.0194117E7","157.40470471608833","131.2025538441205","108.92058276645952","5134.203947368421","5.0","0","33"
"28","28","2","3612.5542144509827","4","3812.9467690677966","1869.4577037311897","1610.0","12974.0","3322.0","1.4397687E7","155.9013248901889","131.2025538441205","108.89434117398667","3874.5354838709677","5.0","0","33"
"29","29","2","4698.193918903758","3","4755.048895899054","1883.0799483146684","1933.0","11848.0","4391.0","1.8088206E7","157.90583132472148","132.2049597326589","108.92932996395047","4736.323170731707","5.0","0","33"
"30","30","2","3115.469366266435","2","3242.6049089469516","897.2194280656148","1306.0","10615.0","3089.0","1.228623E7","155.9013248901889","128.19533617850536","108.89434117398667","3187.5620915032678","5.0","0","33"
"31","31","2","3645.81859572671","1","3953.4880420499344","2207.3632986091725","1036.0","14674.0","3259.0","1.5043022E7","155.9013248901889","129.69894501131293","108.89434117398667","3933.0641025641025","5.0","0","33"
"32","32","1","3115.9419516984317","0","3200.4074462506555","1844.5252770633997","594.0","13017.0","2878.0","1.2206354E7","157.40470471608833","129.69894501131293","108.92058276645952","3200.7733333333335","5.0","0","33"
"33","33","1","4747.4745754281985","32","4707.696977730647","1071.5706448709896","1790.0","9724.0","4539.0","1.7757433E7","208.09432973951817","129.92932250499462","164.3689229510276","4552.438709677419","5.0","1","33"
"34","34","2","4987.022132604926","31","4674.562252180809","2028.653819579827","949.0","11965.0","4703.0","1.7683869E7","210.32424318981057","129.92932250499462","162.1390095007352","4487.105590062112","5.0","1","33"
"35","35","2","3698.887608378177","30","4010.5493368700263","684.6509893866111","2693.0","6661.0","3945.0","1.5119771E7","210.32424318981057","135.4425548919557","160.63540066792763","4239.276729559749","5.0","1","33"
"36","36","2","4214.685238640764","29","4419.70582010582","710.066470408214","3283.0","7174.0","4248.0","1.6706488E7","210.32424318981057","136.44496078049409","160.63540066792763","4570.6125","5.0","1","33"
"37","37","2","4442.758692469733","28","4575.2138881526635","701.1818716075873","3534.0","8166.0","4349.0","1.7262282E7","210.32424318981057","137.94856961330166","160.63540066792763","4647.006172839506","5.0","1","33"
"38","38","2","4196.378745814706","27","4293.186874011597","655.3596192610252","2660.0","6785.0","4198.0","1.6288351E7","209.76676482723747","137.94856961330166","161.7503573930738","4347.7531645569625","5.0","1","33"
"39","39","2","5229.187815927671","26","4976.958662453923","2265.109270196114","2015.0","12098.0","4169.0","1.8902489E7","210.26796777150665","138.44977255757084","161.7503573930738","4737.852760736197","5.0","1","33"
"40","40","2","4839.784750031647","25","4925.083091532577","2706.083876354242","1830.0","16596.0","3736.0","1.867099E7","206.75954716162232","138.44977255757084","161.7503573930738","4736.323170731707","5.0","1","33"
"41","41","2","5443.959448854271","24","5329.8384961609745","2515.8957220622137","1918.0","14290.0","4428.0","2.01308E7","206.75954716162232","139.45217844610923","161.7503573930738","5049.484662576687","5.0","1","33"
"42","42","2","4950.242137378188","23","5092.2403616059555","1943.9035901357972","2154.0","13637.0","4698.0","1.9151916E7","202.29972026103752","140.9557872789168","162.47666201055864","5014.675324675325","5.0","1","33"
"43","43","2","7950.235987346833","22","7864.893312101911","3502.2035056573836","3209.0","21016.0","7306.0","2.9634918E7","200.51473433671038","143.46180200026276","163.59161873570483","7482.157232704402","5.0","1","33"
"44","44","2","8067.385574375562","21","7629.020794946038","2885.2031312951767","3127.0","15658.0","6834.0","2.898265E7","199.95725597413727","143.46180200026276","164.14909709827793","7202.128834355828","5.0","1","33"
"45","45","2","6583.483848213244","20","6722.340673918811","3384.4483118254134","2888.0","18452.0","5164.0","2.5336502E7","197.1698641612718","143.46180200026276","166.37901054857034","6659.147435897436","5.0","1","33"
"46","46","2","5780.552527700948","19","5988.489558551414","3082.507928691108","2213.0","19997.0","4809.0","2.2654456E7","198.28482088641798","143.46180200026276","165.26405382342412","5923.458333333333","5.0","1","33"
"47","47","2","7470.677593537905","18","7150.886202365309","3586.6580072277807","2874.0","17471.0","6081.0","2.7209122E7","197.00103790636004","143.96300494453195","161.91918364798553","6772.780487804878","5.0","1","33"
"48","48","2","6735.73816836272","17","6467.99947312961","3143.0348678048235","2416.0","15688.0","5741.0","2.4552526E7","200.00825557197518","143.46180200026274","161.91918364798553","6127.737804878048","5.0","1","33"
"49","49","2","5661.993264135045","16","5841.511105235325","3306.881587085627","2165.0","16697.0","4496.0","2.2092595E7","198.5046467391676","140.9557872789168","161.91918364798553","5708.777777777777","5.0","1","33"
"50","50","2","4615.083947190741","15","4847.906480505796","2421.56509477814","2042.0","15637.0","3818.0","1.8402653E7","197.00103790636004","138.95097550184005","161.91918364798553","4944.575757575758","5.0","1","33"
"51","51","2","6117.458026155071","14","5741.803561935141","2991.6475319716933","1529.0","16989.0","4734.0","2.1600665E7","197.00103790636004","138.95097550184005","166.37901054857034","5377.215189873417","5.0","1","33"
"52","52","2","5834.355652307575","13","6085.544948289578","2777.2126640215956","2756.0","18385.0","5102.0","2.294859E7","191.03760217296767","141.456990223186","166.37901054857034","6107.125786163522","5.0","1","33"
"53","53","2","4092.448558613219","12","4230.063863337714","1071.2816038919595","2530.0","9863.0","4021.0","1.6095393E7","186.52677567454495","143.46180200026276","167.8826193813779","4255.222222222223","5.0","1","33"
"54","54","2","4312.494444534137","11","4445.659343568025","1051.8610961408247","2161.0","8696.0","4290.0","1.6795701E7","185.02316684173738","145.9678167216087","165.37660466003197","4585.274390243902","5.0","1","33"
"55","55","2","2991.8215346311777","10","3120.6446740858505","1030.8762905670133","1088.0","7595.0","3124.0","1.1777313E7","186.02557273027577","144.9654108330703","165.37660466003197","3282.3048780487807","5.0","1","33"
"56","56","2","3469.228309131642","9","3580.677530471648","1569.0810548302602","1100.0","9397.0","3243.0","1.3513477E7","185.5243697860066","145.9678167216087","165.37660466003197","3695.777777777778","5.0","1","33"
"57","57","2","3377.813087600537","8","3380.0132275132273","2004.484015960329","842.0","11891.0","3055.0","1.277645E7","184.52196389746817","142.96059905599355","165.37660466003197","3298.6441717791413","5.0","1","33"
"58","58","2","4000.0647813390183","7","4005.372025383395","1516.730762587196","1130.0","9337.0","3774.0","1.5148317E7","187.5291815630833","139.4521784461092","165.37660466003197","3857.201219512195","5.0","1","33"
"59","59","2","4127.107565111485","6","4081.955905511811","1017.6986019281613","1702.0","8342.0","3803.0","1.5552252E7","185.02316684173738","137.44736666903245","163.8729958272244","4006.2025316455697","5.0","1","33"
"60","60","2","3473.8921428246053","5","3384.7729199788023","982.1133876357916","1253.0","7838.0","3357.0","1.2774133E7","185.02316684173738","135.44255489195567","163.3717928829552","3306.2147239263804","5.0","1","33"
"61","61","2","4098.311649576077","4","4136.861425190639","1596.8945634276092","1980.0","11216.0","3546.0","1.5732484E7","182.51715212039142","140.4545843346476","163.21879408944147","4015.7256097560976","5.0","1","33"
"62","62","2","4438.029154720325","3","4492.713946744002","1918.831993577347","2234.0","11896.0","3811.0","1.7040864E7","179.00873151050706","142.45939611172437","163.21879408944147","4452.963414634146","5.0","1","33"
"63","63","2","4572.507600851089","2","4535.241807610993","1781.1493537283955","2289.0","11306.0","3897.0","1.7161355E7","176.50271678916113","141.45699022318598","163.21879408944147","4427.610062893082","5.0","1","33"
"64","64","2","3625.856267554437","1","3714.0670926517573","975.6318706503334","1065.0","8309.0","3492.0","1.3950036E7","173.2703974503303","138.95097550184005","156.5290537385643","3577.8333333333335","5.0","1","33"
"65","65","1","4158.078362803273","0","4195.72084334134","1282.0508526114836","1242.0","9860.0","3988.0","1.5721366E7","173.77160039459952","139.45217844610923","156.5290537385643","4079.306666666667","5.0","1","33"
"66","66","1","3009.1781800599347","32","3002.6194784459817","776.8191775202661","759.0","6831.0","3008.0","1.1283844E7","176.27761511594545","50.99323025296494","187.56565586701163","2856.890243902439","5.0","4","33"
"67","67","2","2817.845899432275","31","2741.39235465888","823.7378268972776","600.0","5878.0","2666.0","1.0326825E7","175.27520922740706","51.49443319723414","187.56565586701163","2624.420731707317","5.0","4","33"
"68","68","2","2923.69847183615","30","2900.600212652844","676.6008955024304","830.0","5151.0","2842.0","1.0912058E7","174.27280333886867","51.995636141503326","187.56565586701163","2805.628048780488","5.0","4","33"
"69","69","2","2939.8175791172025","29","2793.1461988304095","771.192321198219","702.0","5054.0","2804.0","1.0507816E7","174.27280333886867","51.995636141503326","187.56565586701163","2658.1158536585367","5.0","4","33"
"70","70","2","2732.1898043880988","28","2804.5731382978724","761.1704782179914","838.0","6065.0","2708.0","1.0545195E7","172.26799156179192","54.50165086284928","187.56565586701163","2769.109756097561","5.0","4","33"
"71","71","2","2769.7455550392474","27","2719.6115485564305","628.7237513809249","875.0","5260.0","2719.0","1.036172E7","174.27280333886867","52.99804203004172","192.07648236543434","2581.768292682927","5.0","4","33"
"72","72","2","2652.089958014352","26","2668.313953488372","457.6462488526331","1301.0","4431.0","2624.0","1.00969E7","175.57658754970993","53.49924497431091","191.75053631272402","2531.3584905660377","5.0","4","33"
"73","73","2","2476.151008261653","25","2533.8742071881607","707.0390071129976","997.0","5963.0","2470.0","9588180.0","175.57658754970993","58.51127441700282","191.75053631272402","2522.88125","5.0","4","33"
"74","74","2","2494.354334298958","24","2546.628405183814","650.0750455069134","1063.0","5324.0","2489.0","9628802.0","176.0777904939791","61.518492082617946","189.74572453564724","2457.3006134969323","5.0","4","33"
"75","75","2","2991.141558388298","23","2979.2278848692895","728.8627962713732","971.0","5494.0","2981.0","1.1282336E7","174.07297871690233","67.03172446957906","189.74572453564724","2874.858024691358","5.0","4","33"
"76","76","2","3040.8288927297826","22","3068.3595683074495","553.0692652095718","1374.0","4966.0","3043.0","1.1656698E7","172.79376223646855","66.53052152530987","184.85653374499256","2914.560975609756","5.0","4","33"
"77","77","2","2976.985852789819","21","2803.807987304946","840.4584313109029","765.0","4600.0","2953.0","1.0601198E7","168.85784187353738","69.03653624665581","183.87869558686162","2627.963190184049","5.0","4","33"
"78","78","2","3170.6617605465517","20","2996.969417347746","876.4484588172819","870.0","5629.0","3118.0","1.1367505E7","167.22811160998583","69.03653624665581","184.20464163957195","2842.75625","5.0","4","33"
"79","79","2","2981.2309412661684","19","2912.9920990255464","771.5761894069776","773.0","5000.0","2988.0","1.1060631E7","165.42640723358213","71.04134802373257","183.226803481441","2838.9814814814813","5.0","4","33"
"80","80","2","3723.771278524538","18","3627.1127243928195","843.8730193535602","1043.0","5851.0","3754.0","1.3739503E7","165.42640723358213","72.04375391227094","183.226803481441","3440.93125","5.0","4","33"
"81","81","2","3353.028617175764","17","3374.1853932584268","986.073549129512","1034.0","7564.0","3319.0","1.2612705E7","166.25355623056166","72.04375391227094","186.4862640085441","3293.2597402597403","5.0","4","33"
"82","82","2","3602.6249473434304","16","3434.3322809786896","1075.7487061441539","991.0","7549.0","3361.0","1.3053897E7","166.90544833598227","72.04375391227094","184.85653374499256","3234.787878787879","5.0","4","33"
"83","83","2","3212.717011592521","15","3236.130686300289","733.2411807552952","1069.0","5828.0","3261.0","1.2307005E7","163.9719338615895","72.04375391227094","187.13815611396473","3146.3024691358023","5.0","4","33"
"84","84","2","3113.815115726352","14","3076.373975138852","611.0630850968092","1243.0","5905.0","3054.0","1.163177E7","164.94977201972043","72.04375391227094","187.79004821938534","2913.6107784431138","5.0","4","33"
"85","85","2","3514.116030608264","13","3494.99604743083","898.2451703852213","1148.0","7395.0","3552.0","1.326351E7","168.20923254682353","72.04375391227094","184.85653374499256","3283.8658536585367","5.0","4","33"
"86","86","2","3804.507546543543","12","3632.0665785997357","1508.5778800566236","1132.0","9414.0","3514.0","1.3747372E7","168.4336248991973","71.54255096800175","188.1159942720957","3362.8993710691825","5.0","4","33"
"87","87","2","3939.0832891784244","11","3518.4613767735154","1470.9560733515907","1064.0","7920.0","3376.0","1.3391264E7","165.42640723358215","73.04615980080932","188.1159942720957","3216.673202614379","5.0","4","33"
"88","88","2","3690.806112210847","10","3646.460380348653","1340.010265990865","1202.0","9161.0","3479.0","1.3805499E7","165.75235328629248","72.04375391227093","185.18247979770285","3393.357575757576","5.0","4","33"
"89","89","2","4037.1645017853584","9","3900.747310417213","1163.6019062532516","1298.0","7818.0","3866.0","1.4865748E7","165.75235328629248","72.04375391227093","181.92301927059975","3529.7865853658536","5.0","4","33"
"90","90","2","3748.6619120763144","8","3490.863166268894","1312.4430645621128","676.0","7183.0","3535.0","1.3164045E7","167.38208354984403","72.04375391227093","181.59707321788943","3146.125","5.0","4","33"
"91","91","2","3537.7994645525378","7","3311.5389920424404","1598.0308236505568","628.0","7333.0","3646.0","1.2484502E7","168.08311111607958","70.54014507946336","180.61923505975852","3081.1455696202534","5.0","4","33"
"92","92","2","3357.881801908038","6","3153.3462149285338","1422.8890752268837","658.0","6281.0","3331.0","1.1913342E7","167.0807052275412","69.53773919092498","180.61923505975852","2985.2091503267975","5.0","4","33"
"93","93","2","3798.2301650431627","5","3706.9970876356897","1035.4466193520234","1232.0","7933.0","3738.0","1.4001328E7","164.799082858569","69.53773919092498","178.66355874349668","3424.5465838509317","5.0","4","33"
"94","94","2","3804.2650924640056","4","3697.835402906209","1002.8984243640867","1162.0","8157.0","3607.0","1.3996307E7","165.12502891127932","69.53773919092498","175.73004426910387","3483.9","5.0","4","33"
"95","95","2","3586.2110536666687","3","3366.247953525218","1217.5218322846251","938.0","7462.0","3490.0","1.2747981E7","165.56085870452063","71.51207885715971","178.7258185635975","3120.7870967741937","5.0","4","33"
"96","96","2","3446.804706377491","2","3432.94821664465","1079.1708409595747","1114.0","8023.0","3349.0","1.2993709E7","165.82212386417982","71.99233857560779","181.2222971423422","3242.8373493975905","5.0","4","33"
"97","97","2","4228.609100288179","1","4128.581012993901","1441.651217858327","1075.0","8880.0","3858.0","1.5568879E7","164.5183396533386","71.99233857560779","176.65905240439784","3781.778481012658","5.0","4","33"
"98","98","1","4320.540359559763","0","4065.7589947089946","1316.7557063558677","1308.0","9223.0","3808.0","1.5368569E7","165.17023175875923","71.99233857560779","174.37743003542568","3760.760736196319","5.0","4","33"
"99","99","1","4657.741461816566","32","4131.066912539515","1386.5428467513223","887.0","8501.0","4000.0","1.568153E7","212.20983455809252","90.08705990596184","143.80405043500505","3690.676646706587","5.0","2","33"
"100","100","2","2981.7531925087314","31","3051.246946362188","1079.3453950874057","1087.0","7866.0","2870.0","1.1490996E7","212.3359559888365","87.58104518461589","145.4337806985566","2976.2727272727275","5.0","2","33"
"101","101","2","2836.5318416059704","30","2829.524577167019","1089.245668469346","604.0","6850.0","2751.0","1.0706921E7","210.05433361986434","87.58104518461589","145.75972675126692","2766.795031055901","5.0","2","33"
"102","102","2","3345.2253506570614","29","3314.338951804056","1597.2144705729547","963.0","12038.0","2922.0","1.2584545E7","211.37858997682304","91.10468733476058","145.87081659420468","3196.813664596273","5.0","2","33"
"103","103","2","3321.6901157974903","28","3531.6246040126716","1505.0331358309088","1443.0","11324.0","3156.0","1.3377794E7","208.96625191506214","90.61300601793201","145.19817121541715","3328.086956521739","5.0","2","33"
"104","104","2","2702.128483389344","27","2855.2204329461456","1073.0451340774189","1382.0","12101.0","2534.0","1.0815575E7","209.993225534008","90.11180307366281","147.80573963709963","2801.1807228915663","5.0","2","33"
"105","105","2","3554.2888303029217","26","3609.4829770387964","1372.5267727284563","1891.0","11088.0","3203.0","1.3676331E7","209.993225534008","92.61781779500876","147.80573963709963","3467.672727272727","5.0","2","33"
"106","106","2","3423.0567060544663","25","3576.2447201689547","1194.0453509024358","2001.0","9327.0","3174.0","1.3546815E7","209.993225534008","91.11420896220119","147.80573963709963","3528.2095808383233","5.0","2","33"
"107","107","2","3892.9255962700895","24","3931.2588483888007","1425.5443492801214","1069.0","12599.0","3688.0","1.4883746E7","207.7116031650358","91.11420896220119","146.8279014789687","3710.8025477707006","5.0","2","33"
"108","108","2","3662.1717304157805","23","3739.2385272145143","1488.1850147228145","1080.0","10116.0","3352.0","1.4014666E7","209.66727948129767","91.11420896220119","147.47979358438934","3623.640243902439","5.0","2","33"
"109","109","2","3946.1428470439137","22","3824.642705005325","1284.0031862472033","1256.0","9116.0","3531.0","1.4365358E7","210.6451176394286","91.11420896220119","146.50195542625838","3608.173076923077","5.0","2","33"
"110","110","2","4290.411725366455","21","3931.8274044795785","1306.2302134661943","1149.0","7445.0","3868.0","1.4921285E7","210.90721392867917","94.10998325669482","146.17600937354808","3634.16","5.0","2","33"
"111","111","2","4853.605742640821","20","4330.201961304002","1428.9678571701395","1199.0","9727.0","4301.0","1.6337852E7","210.92939978762342","94.07952566101343","143.65145404533342","3808.339393939394","5.0","2","33"
"112","112","2","4332.59494234948","19","3773.726671953476","1641.3473115680436","774.0","9075.0","3734.0","1.4276008E7","212.55913005117498","94.07952566101343","146.2590224670159","3408.375","5.0","2","33"
"113","113","2","3979.6506983497425","18","3907.4969632954844","1544.4355549830452","1827.0","12373.0","3509.0","1.4797691E7","214.73850646183385","93.06759088745413","146.75831818276484","3805.58125","5.0","2","33"
"114","114","2","3111.9291110925424","17","2970.184676354029","958.984503518813","986.0","7306.0","2937.0","1.1242149E7","213.7361005732955","93.06759088745413","146.75831818276484","2780.39263803681","5.0","2","33"
"115","115","2","3327.359896733112","16","3007.929477020602","1373.8692755522886","614.0","8926.0","2883.0","1.1388021E7","213.23489762902628","92.56638794318494","146.75831818276484","2699.9937888198756","5.0","2","33"
"116","116","2","3516.292623360541","15","3338.8879788639365","1379.0005619345511","767.0","7563.0","3271.0","1.2637691E7","210.6273292073438","92.56638794318494","145.1285879192133","3081.830188679245","5.0","2","33"
"117","117","2","3264.998221865245","14","3029.2891470821232","966.0425239355451","734.0","7335.0","2997.0","1.1471918E7","208.3457068383716","92.56638794318494","150.9956168679989","2766.1840490797545","5.0","2","33"
"118","118","2","2876.875610588606","13","2714.533880359979","673.5923122834838","898.0","5582.0","2854.0","1.0255509E7","209.84931567117917","92.56638794318494","150.9956168679989","2518.306748466258","5.0","2","33"
"119","119","2","3752.8772756710064","12","3645.6306068601584","1548.4820552193648","1134.0","10558.0","3265.0","1.381694E7","208.8469097826408","96.57601149733846","150.9956168679989","3398.6441717791413","5.0","2","33"
"120","120","2","3134.9590113784734","11","3068.0143502524584","820.9372551747398","815.0","5920.0","3122.0","1.1544938E7","214.7106559527197","92.56638794318494","155.5588616059432","2860.4938271604938","5.0","2","33"
"121","121","2","2867.671429247013","10","2877.5770448548815","753.6590823476453","667.0","5992.0","2891.0","1.0906017E7","219.27390069066402","92.56638794318494","157.8404839749154","2679.35625","5.0","2","33"
"122","122","2","2969.6161744151523","9","2746.12958564265","1037.8108955662565","570.0","5587.0","2882.0","1.0405085E7","220.44852526911944","93.84642735983584","158.15414328009814","2490.7115384615386","5.0","2","33"
"123","123","2","3210.510250796491","8","3127.493379237288","933.5532544512658","664.0","6105.0","3208.0","1.1809415E7","216.72350600963986","95.80452588293883","150.37648942265187","3020.1481481481483","5.0","2","33"
"124","124","2","3427.6616971770914","7","3598.1289216978644","1241.7898742383443","1281.0","10535.0","3341.0","1.3647703E7","217.1755734930941","98.3105406042848","148.74675915910032","3590.695652173913","5.0","2","33"
"125","125","2","3244.6441440591702","6","3326.2917106652585","945.1558746152406","751.0","7236.0","3305.0","1.2599993E7","218.67918232590168","96.80693177147722","148.74675915910032","3256.29375","5.0","2","33"
"126","126","2","4313.888235463212","5","4363.623131392605","1481.094757733295","1671.0","11385.0","4043.0","1.6638495E7","217.0240047680707","97.57833307154215","142.96983302551706","4176.018518518518","5.0","2","33"
"127","127","2","4247.630948031682","4","4105.870321560358","1364.154150111755","902.0","11116.0","3989.0","1.5577672E7","219.3056271370429","97.57833307154215","135.79901986589022","3887.06875","5.0","2","33"
"128","128","2","3932.2753909726584","3","4230.767711351066","1517.3145400218782","1171.0","14171.0","3964.0","1.6064225E7","217.4908493089555","99.51189004746668","132.86960097400663","4023.2901234567903","5.0","2","33"
"129","129","2","3943.9178502652294","2","3814.119041348433","1494.1172702744161","667.0","10351.0","3740.0","1.448221E7","217.4908493089555","99.51189004746668","132.86960097400663","3505.895061728395","5.0","2","33"
"130","130","2","4468.489077405927","1","4829.39665693818","2233.8234812851324","1470.0","15567.0","4247.0","1.8201996E7","219.12057957250704","99.51189004746668","138.4106838700819","4505.644171779141","5.0","2","33"
"131","131","1","4464.47264891997","0","4431.891719745223","2373.3503483992376","263.0","17045.0","3831.0","1.6699368E7","221.40220194147923","96.92725095378242","139.39998669221194","4151.862275449102","5.0","2","33"
"132","132","1","3917.422574668589","32","3951.845828933474","1303.2480836196055","1299.0","9053.0","3678.0","1.4969592E7","105.95481037302409","151.7350220510723","102.31096881629183","3837.754716981132","5.0","5","33"
"133","133","2","4579.173002127947","31","4298.165786694825","1462.174083842904","962.0","9644.0","4380.0","1.6281452E7","102.94759270740894","157.26054635355814","98.75709006247598","4083.0625","5.0","5","33"
"134","134","2","5792.391236990006","30","5787.666842521762","1897.0040600253133","2170.0","12941.0","5465.0","2.1941045E7","107.4617019845384","156.75934340928896","97.76778724034594","5559.423312883436","5.0","5","33"
"135","135","1","5672.849186382182","32","5501.876386687797","2961.8350010348445","1666.0","20356.0","4466.0","2.0830104E7","57.33812477891257","140.2073543328809","106.28823729292219","5226.320754716981","5.0","3","33"
"136","136","2","6213.333888363865","29","5819.361892247043","1989.5462670563152","1500.0","13600.0","5501.0","2.2142672E7","108.46410787307677","156.9043002384408","99.06010678718806","5506.63125","5.0","5","33"
"137","137","2","3955.760457998587","28","4411.812762605042","1259.363341796697","2187.0","8911.0","4268.0","1.6800183E7","105.95809315173081","165.42475029101706","99.06010678718806","4867.540372670807","5.0","5","33"
"138","138","2","4182.390006391719","27","4604.241071428572","1291.388529162925","2599.0","10353.0","4341.0","1.753295E7","105.95809315173081","165.42475029101706","99.06010678718806","4951.695652173913","5.0","5","33"
"139","139","2","4625.219763712615","26","5115.962923728814","1447.0200427733898","3231.0","12521.0","4751.0","1.9317876E7","107.96290492880757","166.42715617955545","99.06010678718806","5547.301204819277","5.0","5","33"
"140","140","2","5891.228375375656","25","5947.880946123521","2671.6859031236563","1664.0","14389.0","5260.0","2.2631687E7","110.9701225944227","167.93076501236303","99.06010678718806","5860.755952380952","5.0","5","33"
"141","141","2","7026.8228595887","24","7373.929958027282","4680.3058675113","1878.0","26617.0","5879.0","2.8109421E7","110.9701225944227","169.93557678943978","99.06010678718806","7058.90243902439","5.0","5","33"
"142","142","2","5168.516035709816","23","6103.850786037837","3590.298456838814","1658.0","23420.0","5265.0","2.2907752E7","111.99709621336854","169.8692443326262","93.53335472111168","6637.883435582822","5.0","5","33"
"143","143","2","5235.509575609778","22","6268.47422954304","3295.1672261408667","1160.0","23659.0","5744.0","2.3594537E7","111.99709621336854","168.25384489907356","92.56411506098009","6450.441558441558","5.0","5","33"
"144","144","2","8785.443417264109","21","8427.956350249802","5473.400116041924","1422.0","32125.0","7041.0","3.2051518E7","111.99709621336854","169.54616444591568","96.11799381479595","7639.582822085889","5.0","5","33"
"145","145","2","9084.355454593682","20","8684.326379720094","5654.710154833835","1936.0","40039.0","7687.0","3.2887544E7","114.93061068776133","167.60768512565247","94.81707576995449","8157.0375","5.0","5","33"
"146","146","2","6684.7918840905995","19","7043.478925184405","4204.35398490491","688.0","23057.0","6415.0","2.6737046E7","112.32304226607884","167.60768512565247","93.83923761182355","6774.073170731707","5.0","5","33"
"147","147","2","5509.584099343503","18","6022.916094986807","3848.632417312528","480.0","25504.0","5214.0","2.2826852E7","111.34520410794791","167.60768512565247","91.23166919014106","5974.915151515152","5.0","5","33"
"148","148","2","6148.883707349333","17","6846.978364116095","3999.936017310453","710.0","22221.0","6027.0","2.5950048E7","111.34520410794791","167.60768512565247","91.23166919014106","6662.987878787879","5.0","5","33"
"149","149","2","6675.101700871632","16","7386.1990546218485","4469.415841829485","690.0","28076.0","6552.0","2.8126646E7","109.38952779168604","167.60768512565247","89.92788497929982","7076.271604938272","5.0","5","33"
"150","150","2","7017.7230918399855","15","7704.770668773039","5120.112739678113","551.0","25918.0","6454.0","2.9262719E7","106.10549953417546","170.6149027912676","92.86139945369261","7255.0875","5.0","5","33"
"151","151","2","6109.834289412057","14","6666.625232403719","4351.0449448573445","1586.0","26149.0","5540.0","2.5099844E7","103.14741732937524","171.61730867980597","96.44680603350604","6259.689873417721","5.0","5","33"
"152","152","2","5878.871883018445","13","6724.964285714285","4803.876052327005","1481.0","28166.0","5099.0","2.5608664E7","103.14741732937524","173.12091751261354","94.81707576995449","6584.8125","5.0","5","33"
"153","153","2","5757.195988258765","12","6590.790703781513","4984.266787874724","1266.0","33555.0","5187.0","2.5097731E7","103.14741732937524","173.12091751261354","94.81707576995449","6533.39375","5.0","5","33"
"154","154","2","4596.298375324171","11","4983.546225165563","2232.7418482705225","851.0","22894.0","4512.0","1.8812887E7","99.23606469685153","171.61730867980597","99.38032050789884","5328.993827160494","5.0","5","33"
"155","155","2","4341.543562294996","10","4855.436671966084","2881.03324748526","1249.0","28258.0","4096.0","1.8324418E7","98.73486175258233","171.11610573553676","99.38032050789884","4796.134146341464","5.0","5","33"
"156","156","2","4291.067227805025","9","4851.945838837517","2623.038856151752","1032.0","25519.0","4441.0","1.8364615E7","98.73486175258233","170.58173656286078","103.25727914842523","4948.049382716049","5.0","5","33"
"157","157","2","4431.576598156503","8","4858.63747023022","2607.6481069928054","1587.0","18476.0","4046.0","1.8360791E7","98.73486175258233","170.25865667615025","100.67264005474097","5010.065359477124","5.0","5","33"
"158","158","2","4593.448511156378","7","4734.076820839979","2176.2121934638644","1312.0","16048.0","4158.0","1.7809597E7","98.73486175258233","167.35093769575548","103.58035903513576","4615.699386503067","5.0","5","33"
"159","159","2","5716.392140751299","6","5382.66464539942","2908.5170691464173","691.0","16655.0","4827.0","2.0416447E7","98.73486175258233","170.58173656286078","102.9341992617147","5113.077419354839","5.0","5","33"
"160","160","2","5354.827480599062","5","5335.663573700955","2458.7421075714096","454.0","16890.0","4913.0","2.0126123E7","95.14945517276891","174.7817750900977","98.37382068977013","5129.402515723271","5.0","5","33"
"161","161","2","5012.027836234858","4","5201.298752984877","2118.5404486559437","740.0","14427.0","4970.0","1.9603695E7","95.80134727818952","174.7817750900977","98.69976674248045","5106.363057324841","5.0","5","33"
"162","162","2","5080.76746171451","3","5190.682514527205","2034.1218187908437","906.0","12764.0","4946.0","1.9651924E7","93.84567096192767","174.7817750900977","99.67760490061139","4939.327160493827","5.0","5","33"
"163","163","2","4813.981525591112","2","5146.190728476821","2023.2542425282893","975.0","11809.0","4957.0","1.942687E7","92.1668052375612","177.28778981144367","100.65544305874232","4940.197452229299","5.0","5","33"
"164","164","2","5545.326221842645","1","6182.411281779661","3959.614827889145","1169.0","30064.0","5210.0","2.3344785E7","94.17161701463797","178.29019569998206","100.65544305874232","5962.245033112583","5.0","5","33"
"165","165","1","4833.083860646061","0","5774.3339507806295","4355.9718109542455","1191.0","39907.0","4575.0","2.1821208E7","94.67281995890717","180.796210421328","100.65544305874232","6192.139240506329","5.0","5","33"
"166","166","2","3721.9230519678426","31","3925.2940247433535","1480.060598272519","1110.0","14652.0","3654.0","1.4912192E7","57.33812477891257","142.79199342656514","104.99591774608007","3989.35","5.0","3","33"
"167","167","2","4368.155153746678","30","4580.6426497756665","2694.7820147870166","1113.0","20460.0","3825.0","1.7356055E7","60.34534244452773","144.76363897523512","107.25747695305378","4282.166666666667","5.0","3","33"
"168","168","2","3880.536301700509","29","3950.639565677966","1679.601939158856","728.0","15290.0","3742.0","1.4917615E7","57.33812477891259","140.96530470704704","106.28823729292219","3823.45625","5.0","3","33"
"169","169","2","4948.591708605739","28","5056.438508331129","1952.3526551827817","1666.0","14349.0","4480.0","1.9118394E7","57.33812477891259","144.47372531693136","106.28823729292219","4769.40625","5.0","3","33"
"170","170","2","3630.8403876844764","27","3681.9107001321004","1098.520657157169","452.0","9221.0","3620.0","1.3936032E7","53.82970416902825","141.96771059558543","107.25747695305378","3507.5151515151515","5.0","3","33"
"171","171","2","4295.954232836264","26","4199.221548998947","1277.9760275232813","813.0","8124.0","4126.0","1.5940245E7","53.82970416902825","142.6138703690065","109.84211604673804","3986.6455696202534","5.0","3","33"
"172","172","2","4523.261670956631","25","4191.40047897818","1309.1695043541883","920.0","9137.0","4257.0","1.5751283E7","59.34293655598934","142.5807041405997","109.51903616002751","3898.705521472393","5.0","3","33"
"173","173","2","4706.935542039583","24","4531.854463814052","1887.0519689810594","722.0","12379.0","4286.0","1.7157601E7","66.86098072002721","143.30548828635906","106.2882372929222","4192.2375","5.0","3","33"
"174","174","2","4649.053615927273","23","4242.596199524941","2058.3085057910916","758.0","11870.0","4020.0","1.6075197E7","65.35737188721964","142.1581255686688","104.67283785936954","3904.7421383647797","5.0","3","33"
"175","175","2","4942.25860261861","22","4623.989167767503","1939.2068549699761","869.0","10499.0","4478.0","1.7501799E7","65.35737188721964","141.51196579524773","102.73435853910634","4229.3625","5.0","3","33"
"176","176","2","5318.409866073286","21","4889.235418875928","1918.3115410802661","607.0","12694.0","4740.0","1.8442196E7","65.35737188721964","142.1581255686688","103.05743842581688","4396.8109756097565","5.0","3","33"
"177","177","2","5095.809145081563","20","4919.073779193206","1763.6876736291297","1172.0","12602.0","4724.0","1.853507E7","65.35737188721964","142.1581255686688","101.44203899226423","4519.372670807454","5.0","3","33"
"178","178","2","4582.451247098919","19","4664.968048587272","1810.3817426670598","1302.0","12942.0","4270.0","1.7666234E7","65.35737188721964","139.57348647498455","100.79587921884317","4505.546583850932","5.0","3","33"
"179","179","2","5066.020977311299","18","5250.537203166227","2135.956817956489","2254.0","14428.0","4528.0","1.9899536E7","65.35737188721964","137.3119272680108","100.79587921884317","4924.83850931677","5.0","3","33"
"180","180","2","3480.5893688686947","17","3500.988657346347","1276.0734845086456","737.0","12919.0","3385.0","1.3272248E7","63.35256011014289","141.3215508221643","100.79587921884317","3456.8417721518986","5.0","3","33"
"181","181","2","3844.8278256257327","16","4166.283601795617","1665.6454143776568","1221.0","14078.0","3781.0","1.5777716E7","62.85135716587371","141.3215508221643","100.79587921884317","4154.487341772152","5.0","3","33"
"182","182","2","4533.344176027243","15","4877.529178769474","1646.0905369603774","2011.0","18187.0","4643.0","1.8471203E7","63.35256011014289","139.75160953254317","99.1804797852905","4891.591194968553","5.0","3","33"
"183","183","2","5003.210907937329","14","5440.7016236358795","2551.2867863843057","1655.0","23900.0","4786.0","2.0440716E7","66.35977777575803","139.07228353071534","97.56508035173785","5234.401234567901","5.0","3","33"
"184","184","2","4356.488438966687","13","4345.476854287217","2430.380726508947","561.0","16954.0","3706.0","1.6521503E7","68.86579249710398","141.69008885280638","96.91892057831679","4316.743902439024","5.0","3","33"
"185","185","2","4590.695621805974","12","4815.8071523178805","1559.7169816857504","1232.0","11187.0","4530.0","1.8179672E7","69.6929414940835","146.2009153512291","94.63729820934462","4647.184210526316","5.0","3","33"
"186","186","2","5138.366365498473","11","5214.792303637322","2350.6024620732414","785.0","18331.0","4924.0","1.9784922E7","64.9790075949877","149.03000995928554","102.78881569310217","4945.24203821656","5.0","3","33"
"187","187","2","4675.207230022356","10","4873.738494280394","1732.7113574398763","869.0","13077.0","4632.0","1.8320383E7","63.02333127872586","149.03000995928554","103.4407077985228","4650.969696969697","5.0","3","33"
"188","188","2","4800.877143782489","9","5232.9965708256395","2254.3041215744624","2610.0","19052.0","4698.0","1.983829E7","63.02333127872586","146.1222909788907","104.08686757194386","5109.725490196079","5.0","3","33"
"189","189","2","4046.545369204411","8","3924.527244011582","1418.0048784899654","496.0","8723.0","4053.0","1.4909279E7","63.02333127872586","145.47613120546964","100.85606870483856","3778.2345679012346","5.0","3","33"
"190","190","2","6068.973665328412","7","5356.066737569795","1942.5628829774103","759.0","14636.0","5068.0","2.0144167E7","68.56441417480116","143.860731771917","99.55228449399732","4887.361963190184","5.0","3","33"
"191","191","2","4927.22021219204","6","5046.362456976436","1920.3614023056057","2691.0","21923.0","4501.0","1.9060111E7","70.06802300760873","149.87516710314728","95.35224596676039","4931.727272727273","5.0","3","33"
"192","192","2","5815.30954197321","5","6035.456065834882","1889.3086636020812","1710.0","20403.0","5661.0","2.2735563E7","70.06802300760873","151.1674866499894","97.61380517373412","5878.75","5.0","3","33"
"193","193","2","5609.266497139584","4","6418.371285826979","2074.2031002888502","2951.0","15521.0","6042.0","2.4409066E7","73.32748353471183","153.75212574367364","103.10616324781314","7139.695652173913","5.0","3","33"
"194","194","2","5368.973718491652","3","6170.513959053444","2469.293757112373","2852.0","17724.0","5581.0","2.3207303E7","73.32748353471183","156.33676483735792","103.42924313452367","6790.585365853659","5.0","3","33"
"195","195","2","5507.674929274512","2","5990.549369747899","2352.5166332624176","3366.0","19820.0","5263.0","2.2812012E7","73.32748353471183","157.95216427091054","105.04464256807634","6127.90303030303","5.0","3","33"
"196","196","2","6889.442731360375","1","7086.21385463133","2994.9198121194927","3181.0","21575.0","6173.0","2.7005561E7","69.81906292482749","156.94975838237215","105.04464256807634","7309.05","5.0","3","33"
"197","197","1","6746.037565359169","0","7917.466807165437","9326.343282590533","2199.0","57113.0","4422.0","3.0054704E7","68.81665703628912","155.94735249383376","105.04464256807634","8101.260869565217","5.0","3","33"
